-2.356194490192345,237.0,924.0
-2.3518311670623593,281.0,928.0
-2.3474678439323733,313.0,919.0
-2.3431045208023873,337.0,911.0
-2.3387411976724013,350.0,927.0
-2.3343778745424157,356.0,936.0
-2.3300145514124297,354.0,945.0
-2.3256512282824437,352.0,962.0
-2.321287905152458,352.0,962.0
-2.316924582022472,361.0,963.0
-2.3125612588924866,355.0,944.0
-2.3081979357625007,350.0,933.0
-2.303834612632515,349.0,948.0
-2.299471289502529,345.0,951.0
-2.2951079663725436,345.0,980.0
-2.2907446432425576,344.0,961.0
-2.286381320112572,350.0,972.0
-2.282017996982586,349.0,963.0
-2.2776546738526,351.0,962.0
-2.273291350722614,352.0,967.0
-2.2689280275926285,347.0,956.0
-2.2645647044626425,340.0,959.0
-2.2602013813326565,338.0,955.0
-2.255838058202671,337.0,954.0
-2.251474735072685,340.0,981.0
-2.2471114119426994,340.0,981.0
-2.2427480888127134,335.0,976.0
-2.238384765682728,330.0,985.0
-2.234021442552742,331.0,986.0
-2.229658119422756,325.0,987.0
-2.2252947962927703,321.0,981.0
-2.2209314731627843,321.0,981.0
-2.2165681500327987,329.0,1002.0
-2.2122048269028127,322.0,1007.0
-2.2078415037728267,330.0,981.0
-2.2034781806428407,330.0,981.0
-2.199114857512855,325.0,998.0
-2.194751534382869,320.0,997.0
-2.1903882112528836,320.0,997.0
-2.1860248881228976,325.0,1018.0
-2.1816615649929116,317.0,1021.0
-2.177298241862926,318.0,1031.0
-2.17293491873294,318.0,1023.0
-2.1685715956029545,323.0,1022.0
-2.1642082724729685,323.0,1022.0
-2.159844949342983,323.0,1023.0
-2.155481626212997,318.0,1015.0
-2.1511183030830114,321.0,1013.0
-2.1467549799530254,321.0,1013.0
-2.1423916568230394,327.0,998.0
-2.1380283336930535,329.0,982.0
-2.133665010563068,333.0,973.0
-2.129301687433082,341.0,953.0
-2.124938364303096,345.0,952.0
-2.1205750411731104,353.0,955.0
-2.1162117180431244,452.0,1429.0
-2.111848394913139,462.0,1326.0
-2.107485071783153,515.0,1490.0
-2.1031217486531673,633.0,1392.0
-2.0987584255231813,1745.0,888.0
-2.0943951023931953,1770.0,900.0
-2.0900317792632097,1766.0,839.0
-2.0856684561332237,1751.0,859.0
-2.081305133003238,1737.0,879.0
-2.076941809873252,1755.0,832.0
-2.072578486743266,1757.0,818.0
-2.0682151636132806,1748.0,853.0
-2.0638518404832946,1744.0,870.0
-2.0594885173533086,1701.0,736.0
-2.055125194223323,1701.0,736.0
-2.050761871093337,1698.0,780.0
-2.046398547963351,1691.0,808.0
-2.0420352248333655,1691.0,808.0
-2.0376719017033795,1683.0,781.0
-2.033308578573394,1678.0,746.0
-2.028945255443408,1670.0,693.0
-2.0245819323134224,1674.0,691.0
-2.0202186091834364,1675.0,697.0
-2.015855286053451,1676.0,800.0
-2.011491962923465,1694.0,953.0
-2.007128639793479,1725.0,1016.0
-2.002765316663493,1828.0,1082.0
-1.9984019935335071,1828.0,1082.0
-1.9940386704035216,1826.0,1091.0
-1.9896753472735356,1826.0,1113.0
-1.9853120241435498,1826.0,1130.0
-1.9809487010135638,1815.0,1113.0
-1.9765853778835782,1810.0,1085.0
-1.9722220547535922,1822.0,1122.0
-1.9678587316236067,1826.0,1119.0
-1.9634954084936207,1868.0,969.0
-1.959132085363635,2210.0,887.0
-1.9547687622336491,2266.0,935.0
-1.9504054391036632,2298.0,924.0
-1.9460421159736774,2310.0,928.0
-1.9416787928436914,2341.0,913.0
-1.9373154697137058,2357.0,900.0
-1.9329521465837198,728.0,287.0
-1.9285888234537343,800.0,1113.0
-1.9242255003237483,737.0,974.0
-1.9198621771937625,735.0,982.0
-1.9154988540637765,730.0,988.0
-1.911135530933791,714.0,980.0
-1.906772207803805,714.0,1000.0
-1.902408884673819,707.0,1006.0
-1.8980455615438334,704.0,1019.0
-1.8936822384138474,706.0,1026.0
-1.8893189152838619,701.0,1006.0
-1.8849555921538759,700.0,1002.0
-1.88059226902389,679.0,1005.0
-1.876228945893904,669.0,1016.0
-1.8718656227639185,662.0,1035.0
-1.8675022996339325,649.0,1014.0
-1.863138976503947,645.0,1019.0
-1.858775653373961,628.0,1008.0
-1.854412330243975,621.0,1004.0
-1.8500490071139892,623.0,1011.0
-1.8456856839840035,613.0,1010.0
-1.8413223608540177,608.0,997.0
-1.8369590377240317,603.0,1018.0
-1.8325957145940461,598.0,1018.0
-1.8282323914640601,599.0,1024.0
-1.8238690683340744,597.0,1034.0
-1.8195057452040886,590.0,1029.0
-1.8151424220741028,588.0,1029.0
-1.8107790989441168,590.0,1041.0
-1.8064157758141308,585.0,1034.0
-1.8020524526841453,588.0,1035.0
-1.7976891295541593,580.0,1028.0
-1.7933258064241737,577.0,1032.0
-1.7889624832941877,572.0,1039.0
-1.784599160164202,575.0,1037.0
-1.780235837034216,576.0,1042.0
-1.7758725139042304,573.0,1041.0
-1.7715091907742444,568.0,1026.0
-1.7671458676442584,565.0,978.0
-1.7627825445142729,581.0,974.0
-1.7584192213842869,575.0,932.0
-1.7540558982543013,574.0,952.0
-1.7496925751243153,572.0,1020.0
-1.7453292519943295,574.0,1041.0
-1.7409659288643435,573.0,1060.0
-1.736602605734358,573.0,1068.0
-1.732239282604372,575.0,1077.0
-1.7278759594743864,571.0,1031.0
-1.7235126363444004,573.0,1030.0
-1.7191493132144144,579.0,1016.0
-1.7147859900844287,577.0,1017.0
-1.710422666954443,577.0,1019.0
-1.7060593438244571,578.0,1006.0
-1.7016960206944711,580.0,994.0
-1.6973326975644856,582.0,1004.0
-1.6929693744344996,581.0,1007.0
-1.688606051304514,582.0,1026.0
-1.684242728174528,592.0,1045.0
-1.6798794050445423,586.0,1048.0
-1.6755160819145563,590.0,1069.0
-1.6711527587845703,584.0,1078.0
-1.6667894356545847,584.0,1088.0
-1.6624261125245987,580.0,1081.0
-1.6580627893946132,582.0,1098.0
-1.6536994662646272,587.0,1096.0
-1.6493361431346414,591.0,1096.0
-1.6449728200046556,598.0,1094.0
-1.6406094968746698,599.0,1080.0
-1.6362461737446838,604.0,1074.0
-1.6318828506146983,602.0,1033.0
-1.6275195274847123,602.0,1033.0
-1.6231562043547263,603.0,1044.0
-1.6187928812247407,603.0,1021.0
-1.6144295580947547,607.0,1002.0
-1.610066234964769,608.0,1000.0
-1.605702911834783,608.0,994.0
-1.6013395887047974,606.0,993.0
-1.5969762655748114,606.0,993.0
-1.5926129424448259,608.0,997.0
-1.5882496193148399,613.0,1013.0
-1.583886296184854,614.0,1018.0
-1.579522973054868,612.0,1009.0
-1.5751596499248823,610.0,994.0
-1.5707963267948966,611.0,993.0
-1.5664330036649106,613.0,992.0
-1.562069680534925,617.0,998.0
-1.557706357404939,619.0,1008.0
-1.5533430342749535,617.0,998.0
-1.5489797111449675,616.0,985.0
-1.5446163880149817,616.0,994.0
-1.5402530648849957,615.0,989.0
-1.53588974175501,624.0,1008.0
-1.5315264186250241,622.0,1008.0
-1.5271630954950381,620.0,998.0
-1.5227997723650526,620.0,999.0
-1.5184364492350666,625.0,1006.0
-1.5140731261050808,631.0,1009.0
-1.509709802975095,631.0,1006.0
-1.5053464798451093,630.0,1018.0
-1.5009831567151233,630.0,1018.0
-1.4966198335851377,629.0,1009.0
-1.4922565104551517,631.0,1019.0
-1.4878931873251657,630.0,1018.0
-1.4835298641951802,635.0,1032.0
-1.4791665410651942,631.0,1027.0
-1.4748032179352084,633.0,1039.0
-1.4704398948052224,644.0,1036.0
-1.4660765716752369,651.0,1046.0
-1.4617132485452509,652.0,1053.0
-1.4573499254152653,650.0,1049.0
-1.4529866022852793,651.0,1046.0
-1.4486232791552935,651.0,1039.0
-1.4442599560253078,659.0,1045.0
-1.4398966328953218,666.0,1037.0
-1.435533309765336,671.0,1031.0
-1.43116998663535,675.0,1027.0
-1.4268066635053644,683.0,1022.0
-1.4224433403753785,695.0,1022.0
-1.4180800172453927,702.0,1027.0
-1.413716694115407,709.0,1034.0
-1.4093533709854211,783.0,1496.0
-1.4049900478554351,881.0,1737.0
-1.4006267247254494,1498.0,1502.0
-1.3962634015954636,1516.0,1522.0
-1.3919000784654778,1521.0,1517.0
-1.387536755335492,1524.0,1508.0
-1.3831734322055063,1523.0,1504.0
-1.3788101090755203,1526.0,1513.0
-1.3744467859455345,1529.0,1505.0
-1.3700834628155485,1529.0,1501.0
-1.3657201396855627,1528.0,1505.0
-1.361356816555577,1533.0,1502.0
-1.3569934934255912,1538.0,1511.0
-1.3526301702956054,1542.0,1508.0
-1.3482668471656196,1538.0,1495.0
-1.3439035240356338,1544.0,1498.0
-1.3395402009056478,1544.0,1498.0
-1.335176877775662,1546.0,1497.0
-1.3308135546456763,1546.0,1505.0
-1.3264502315156903,1549.0,1502.0
-1.3220869083857045,1550.0,1501.0
-1.3177235852557188,1552.0,1496.0
-1.313360262125733,1553.0,1497.0
-1.3089969389957472,1552.0,1490.0
-1.3046336158657612,1554.0,1498.0
-1.3002702927357754,1559.0,1498.0
-1.2959069696057897,1558.0,1490.0
-1.2915436464758039,1558.0,1494.0
-1.2871803233458181,1558.0,1487.0
-1.2828170002158323,1556.0,1489.0
-1.2784536770858463,1557.0,1487.0
-1.2740903539558606,1564.0,1483.0
-1.2697270308258746,1563.0,1480.0
-1.2653637076958888,1562.0,1477.0
-1.261000384565903,1571.0,1490.0
-1.2566370614359172,1571.0,1490.0
-1.2522737383059315,1571.0,1487.0
-1.2479104151759457,1573.0,1486.0
-1.24354709204596,1575.0,1486.0
-1.239183768915974,1577.0,1451.0
-1.2348204457859882,1579.0,1351.0
-1.2304571226560022,1579.0,1416.0
-1.2260937995260164,1576.0,1376.0
-1.2217304763960306,1584.0,1428.0
-1.2173671532660448,1594.0,1478.0
-1.213003830136059,1598.0,1474.0
-1.2086405070060733,1600.0,1470.0
-1.2042771838760873,1595.0,1407.0
-1.1999138607461015,1588.0,1336.0
-1.1955505376161157,1588.0,1277.0
-1.19118721448613,1592.0,1277.0
-1.1868238913561442,1593.0,1277.0
-1.1824605682261582,1595.0,1277.0
-1.1780972450961724,1595.0,1258.0
-1.1737339219661866,1594.0,1244.0
-1.1693705988362006,1605.0,1298.0
-1.1650072757062149,1612.0,1355.0
-1.160643952576229,1618.0,1358.0
-1.1562806294462433,1621.0,1369.0
-1.1519173063162575,1624.0,1422.0
-1.1475539831862718,1626.0,1473.0
-1.143190660056286,1627.0,1477.0
-1.1388273369263,1631.0,1478.0
-1.1344640137963142,1627.0,1473.0
-1.1301006906663282,1609.0,1476.0
-1.1257373675363425,1503.0,1515.0
-1.1213740444063567,1283.0,1585.0
-1.117010721276371,912.0,1664.0
-1.1126473981463851,743.0,1383.0
-1.1082840750163994,693.0,1170.0
-1.1039207518864134,675.0,1114.0
-1.0995574287564276,673.0,1112.0
-1.0951941056264418,665.0,1123.0
-1.0908307824964558,661.0,1112.0
-1.08646745936647,662.0,1123.0
-1.0821041362364843,660.0,1103.0
-1.0777408131064985,660.0,1092.0
-1.0733774899765127,652.0,1075.0
-1.0690141668465267,638.0,1085.0
-1.064650843716541,626.0,1107.0
-1.0602875205865552,626.0,1148.0
-1.0559241974565694,625.0,1144.0
-1.0515608743265836,618.0,1146.0
-1.0471975511965976,615.0,1129.0
-1.0428342280666119,620.0,1138.0
-1.038470904936626,621.0,1140.0
-1.0341075818066403,615.0,1143.0
-1.0297442586766543,610.0,1154.0
-1.0253809355466685,612.0,1169.0
-1.0210176124166828,610.0,1173.0
-1.016654289286697,608.0,1175.0
-1.0122909661567112,609.0,1142.0
-1.0079276430267254,609.0,1142.0
-1.0035643198967394,606.0,1144.0
-0.9992009967667536,602.0,1147.0
-0.9948376736367678,602.0,1147.0
-0.9904743505067819,600.0,1133.0
-0.9861110273767961,599.0,1157.0
-0.9817477042468103,600.0,1183.0
-0.9773843811168246,601.0,1182.0
-0.9730210579868387,611.0,1194.0
-0.9686577348568529,612.0,1203.0
-0.9642944117268671,612.0,1199.0
-0.9599310885968813,602.0,1138.0
-0.9555677654668955,604.0,1149.0
-0.9512044423369095,596.0,1121.0
-0.9468411192069237,589.0,1137.0
-0.9424777960769379,586.0,1153.0
-0.938114472946952,586.0,1189.0
-0.9337511498169663,588.0,1189.0
-0.9293878266869805,591.0,1187.0
-0.9250245035569946,590.0,1193.0
-0.9206611804270088,584.0,1189.0
-0.9162978572970231,580.0,1196.0
-0.9119345341670372,580.0,1192.0
-0.9075712110370514,573.0,1132.0
-0.9032078879070654,572.0,1122.0
-0.8988445647770796,565.0,1098.0
-0.8944812416470939,558.0,1115.0
-0.890117918517108,554.0,1140.0
-0.8857545953871222,554.0,1139.0
-0.8813912722571364,544.0,1144.0
-0.8770279491271507,542.0,1147.0
-0.8726646259971648,544.0,1159.0
-0.868301302867179,541.0,1184.0
-0.8639379797371932,543.0,1236.0
-0.8595746566072072,541.0,1257.0
-0.8552113334772214,533.0,1240.0
-0.8508480103472356,533.0,1221.0
-0.8464846872172498,526.0,1158.0
-0.842121364087264,532.0,1202.0
-0.8377580409572781,546.0,1305.0
-0.8333947178272924,538.0,1242.0
-0.8290313946973066,533.0,1209.0
-0.8246680715673207,533.0,1210.0
-0.8203047484373349,526.0,1198.0
-0.8159414253073491,520.0,1199.0
-0.8115781021773631,524.0,1206.0
-0.8072147790473774,523.0,1202.0
-0.8028514559173915,523.0,1214.0
-0.7984881327874057,518.0,1183.0
-0.7941248096574199,518.0,1183.0
-0.789761486527434,527.0,1247.0
-0.7853981633974483,537.0,1346.0
-0.7810348402674625,538.0,1380.0
-0.7766715171374767,526.0,1251.0
-0.7723081940074908,517.0,1144.0
-0.767944870877505,516.0,1144.0
-0.7635815477475191,516.0,1144.0
-0.7592182246175333,511.0,1146.0
-0.7548549014875475,512.0,1159.0
-0.7504915783575616,509.0,1099.0
-0.7461282552275759,511.0,1105.0
-0.7417649320975901,507.0,1097.0
-0.7374016089676042,494.0,1112.0
-0.7330382858376184,490.0,1099.0
-0.7286749627076327,479.0,1111.0
-0.7243116395776468,469.0,1106.0
-0.7199483164476609,473.0,1104.0
-0.715584993317675,483.0,1101.0
-0.7112216701876892,495.0,1109.0
-0.7068583470577035,513.0,1186.0
-0.7024950239277176,516.0,1197.0
-0.6981317007977318,506.0,1219.0
-0.693768377667746,499.0,1240.0
-0.6894050545377601,495.0,1270.0
-0.6850417314077742,489.0,1389.0
-0.6806784082777885,466.0,1557.0
-0.6763150851478027,455.0,2054.0
-0.6719517620178169,455.0,2275.0
-0.667588438887831,445.0,3462.0
-0.6632251157578452,440.0,3969.0
-0.6588617926278594,434.0,4020.0
-0.6544984694978736,434.0,4385.0
-0.6501351463678877,434.0,4398.0
-0.6457718232379019,434.0,4471.0
-0.6414085001079162,425.0,4458.0
-0.6370451769779303,424.0,4528.0
-0.6326818538479444,424.0,4529.0
-0.6283185307179586,430.0,4600.0
-0.6239552075879728,430.0,4600.0
-0.619591884457987,425.0,4630.0
-0.6152285613280011,429.0,4711.0
-0.6108652381980153,428.0,4781.0
-0.6065019150680295,426.0,4808.0
-0.6021385919380436,425.0,4856.0
-0.5977752688080579,422.0,4873.0
-0.5934119456780721,420.0,4886.0
-0.5890486225480862,420.0,4886.0
-0.5846852994181003,422.0,4869.0
-0.5803219762881145,418.0,4881.0
-0.5759586531581288,415.0,4953.0
-0.571595330028143,414.0,4988.0
-0.5672320068981571,415.0,5017.0
-0.5628686837681712,412.0,5047.0
-0.5585053606381855,410.0,5047.0
-0.5541420375081997,413.0,5155.0
-0.5497787143782138,413.0,5155.0
-0.5454153912482279,408.0,5159.0
-0.5410520681182421,406.0,5159.0
-0.5366887449882564,405.0,5176.0
-0.5323254218582705,405.0,5203.0
-0.5279620987282847,408.0,5305.0
-0.5235987755982988,408.0,5323.0
-0.519235452468313,408.0,5333.0
-0.5148721293383272,409.0,5344.0
-0.5105088062083414,403.0,5345.0
-0.5061454830783556,403.0,5368.0
-0.5017821599483697,403.0,5385.0
-0.4974188368183839,403.0,5386.0
-0.49305551368839806,404.0,5377.0
-0.4886921905584123,398.0,5360.0
-0.48432886742842646,398.0,5390.0
-0.4799655442984406,395.0,5462.0
-0.47560222116845474,394.0,5532.0
-0.47123889803846897,392.0,5515.0
-0.46687557490848314,391.0,5541.0
-0.4625122517784973,394.0,5579.0
-0.45814892864851153,394.0,5579.0
-0.4537856055185257,394.0,5579.0
-0.4494222823885398,391.0,5597.0
-0.445058959258554,386.0,5608.0
-0.4406956361285682,385.0,5604.0
-0.4363323129985824,394.0,5642.0
-0.4319689898685966,392.0,5644.0
-0.4276056667386107,391.0,5669.0
-0.4232423436086249,385.0,5683.0
-0.41887902047863906,381.0,5696.0
-0.4145156973486533,381.0,5725.0
-0.41015237421866746,381.0,5725.0
-0.4057890510886816,385.0,5773.0
-0.40142572795869574,384.0,5784.0
-0.39706240482870997,384.0,5796.0
-0.39269908169872414,385.0,5835.0
-0.38833575856873837,385.0,5849.0
-0.3839724354387525,384.0,5849.0
-0.37960911230876665,382.0,5849.0
-0.3752457891787808,381.0,5842.0
-0.37088246604879505,385.0,5517.0
-0.3665191429188092,386.0,5071.0
-0.3621558197888234,389.0,4194.0
-0.3577924966588375,384.0,2681.0
-0.3534291735288517,374.0,2269.0
-0.3490658503988659,367.0,2067.0
-0.34470252726888007,366.0,1944.0
-0.34033920413889424,369.0,1682.0
-0.33597588100890846,368.0,1624.0
-0.3316125578789226,367.0,1587.0
-0.3272492347489368,365.0,1545.0
-0.32288591161895097,366.0,1524.0
-0.31852258848896514,365.0,1493.0
-0.3141592653589793,366.0,1518.0
-0.3097959422289935,361.0,1522.0
-0.30543261909900765,364.0,1551.0
-0.3010692959690218,357.0,1499.0
-0.29670597283903605,364.0,1508.0
-0.29234264970905016,359.0,1507.0
-0.2879793265790644,368.0,1508.0
-0.28361600344907856,365.0,1501.0
-0.2792526803190927,365.0,1501.0
-0.2748893571891069,360.0,1474.0
-0.27052603405912107,358.0,1505.0
-0.26616271092913524,354.0,1491.0
-0.2617993877991494,355.0,1497.0
-0.2574360646691636,358.0,1522.0
-0.2530727415391778,358.0,1508.0
-0.24870941840919195,354.0,1501.0
-0.24434609527920614,354.0,1501.0
-0.2399827721492203,353.0,1511.0
-0.23561944901923448,353.0,1522.0
-0.23125612588924865,353.0,1522.0
-0.22689280275926285,352.0,1526.0
-0.222529479629277,346.0,1543.0
-0.2181661564992912,349.0,1546.0
-0.21380283336930536,351.0,1545.0
-0.20943951023931953,353.0,1532.0
-0.20507618710933373,348.0,1559.0
-0.20071286397934787,344.0,1552.0
-0.19634954084936207,346.0,1559.0
-0.19198621771937624,345.0,1530.0
-0.1876228945893904,346.0,1563.0
-0.1832595714594046,346.0,1556.0
-0.17889624832941875,345.0,1551.0
-0.17453292519943295,346.0,1570.0
-0.17016960206944712,346.0,1582.0
-0.1658062789394613,351.0,1576.0
-0.16144295580947549,344.0,1581.0
-0.15707963267948966,339.0,1576.0
-0.15271630954950383,335.0,1579.0
-0.14835298641951802,335.0,1576.0
-0.1439896632895322,337.0,1597.0
-0.13962634015954636,340.0,1611.0
-0.13526301702956053,340.0,1611.0
-0.1308996938995747,342.0,1629.0
-0.1265363707695889,342.0,1629.0
-0.12217304763960307,341.0,1623.0
-0.11780972450961724,336.0,1626.0
-0.11344640137963143,335.0,1618.0
-0.1090830782496456,335.0,1607.0
-0.10471975511965977,335.0,1620.0
-0.10035643198967394,337.0,1627.0
-0.09599310885968812,340.0,1620.0
-0.0916297857297023,331.0,1626.0
-0.08726646259971647,328.0,1624.0
-0.08290313946973064,328.0,1629.0
-0.07853981633974483,328.0,1629.0
-0.07417649320975901,328.0,1627.0
-0.06981317007977318,328.0,1629.0
-0.06544984694978735,328.0,1627.0
-0.061086523819801536,337.0,1673.0
-0.05672320068981571,333.0,1658.0
-0.05235987755982988,334.0,1679.0
-0.04799655442984406,339.0,1712.0
-0.04363323129985824,335.0,1686.0
-0.039269908169872414,332.0,1670.0
-0.03490658503988659,332.0,1670.0
-0.030543261909900768,335.0,1691.0
-0.02617993877991494,335.0,1701.0
-0.02181661564992912,334.0,1667.0
-0.017453292519943295,333.0,1687.0
-0.01308996938995747,334.0,1710.0
-0.008726646259971648,335.0,1750.0
-0.004363323129985824,335.0,1763.0
0.0,334.0,1786.0
0.004363323129985824,333.0,1819.0
0.008726646259971648,333.0,1819.0
0.01308996938995747,332.0,1987.0
0.017453292519943295,336.0,2235.0
0.02181661564992912,335.0,2304.0
0.02617993877991494,348.0,2658.0
0.030543261909900768,343.0,3084.0
0.03490658503988659,340.0,4337.0
0.039269908169872414,335.0,4367.0
0.04363323129985824,337.0,5013.0
0.04799655442984406,333.0,5002.0
0.05235987755982988,335.0,5019.0
0.05672320068981571,339.0,5061.0
0.061086523819801536,339.0,5064.0
0.06544984694978735,339.0,5074.0
0.06981317007977318,339.0,5088.0
0.07417649320975901,337.0,5084.0
0.07853981633974483,336.0,5140.0
0.08290313946973064,338.0,5124.0
0.08726646259971647,341.0,5111.0
0.0916297857297023,341.0,5111.0
0.09599310885968812,344.0,5158.0
0.10035643198967394,344.0,5214.0
0.10471975511965977,344.0,5198.0
0.1090830782496456,341.0,5265.0
0.11344640137963143,339.0,5355.0
0.11780972450961724,341.0,5321.0
0.12217304763960307,344.0,5328.0
0.1265363707695889,339.0,5379.0
0.1308996938995747,337.0,5419.0
0.13526301702956053,340.0,5418.0
0.13962634015954636,343.0,5415.0
0.1439896632895322,343.0,5415.0
0.14835298641951802,343.0,5440.0
0.15271630954950383,346.0,5456.0
0.15707963267948966,354.0,5508.0
0.16144295580947549,354.0,5508.0
0.1658062789394613,353.0,5533.0
0.17016960206944712,350.0,5516.0
0.17453292519943295,349.0,5563.0
0.17889624832941875,347.0,5630.0
0.1832595714594046,342.0,5597.0
0.1876228945893904,346.0,5638.0
0.19198621771937624,350.0,5687.0
0.19634954084936207,350.0,5687.0
0.20071286397934787,352.0,5697.0
0.20507618710933373,355.0,5708.0
0.20943951023931953,355.0,5717.0
0.21380283336930536,353.0,5742.0
0.2181661564992912,350.0,5757.0
0.222529479629277,352.0,5774.0
0.22689280275926285,354.0,5783.0
0.23125612588924865,350.0,5785.0
0.23561944901923448,346.0,5787.0
0.2399827721492203,348.0,5765.0
0.24434609527920614,351.0,5737.0
0.24870941840919195,350.0,5774.0
0.2530727415391778,357.0,5758.0
0.2574360646691636,360.0,5773.0
0.2617993877991494,360.0,5773.0
0.26616271092913524,360.0,5802.0
0.27052603405912107,358.0,5880.0
0.2748893571891069,355.0,5900.0
0.2792526803190927,354.0,5897.0
0.28361600344907856,352.0,5908.0
0.2879793265790644,359.0,5945.0
0.29234264970905016,354.0,5944.0
0.29670597283903605,350.0,5941.0
0.3010692959690218,355.0,5937.0
0.30543261909900765,355.0,5943.0
0.3097959422289935,358.0,5935.0
0.3141592653589793,355.0,5952.0
0.31852258848896514,357.0,5934.0
0.32288591161895097,356.0,5988.0
0.3272492347489368,356.0,5985.0
0.3316125578789226,356.0,5985.0
0.33597588100890846,355.0,5961.0
0.34033920413889424,350.0,5970.0
0.34470252726888007,353.0,5977.0
0.3490658503988659,358.0,5967.0
0.3534291735288517,363.0,6018.0
0.3577924966588375,362.0,6068.0
0.3621558197888234,362.0,6093.0
0.3665191429188092,361.0,6147.0
0.37088246604879505,364.0,6133.0
0.3752457891787808,362.0,6194.0
0.37960911230876665,366.0,6149.0
0.3839724354387525,364.0,6204.0
0.38833575856873837,366.0,6212.0
0.39269908169872414,366.0,6210.0
0.39706240482870997,368.0,6222.0
0.40142572795869574,368.0,6215.0
0.4057890510886816,371.0,6216.0
0.41015237421866746,366.0,6234.0
0.4145156973486533,366.0,6242.0
0.41887902047863906,369.0,6265.0
0.4232423436086249,376.0,6256.0
0.4276056667386107,373.0,6280.0
0.4319689898685966,373.0,6264.0
0.4363323129985824,372.0,6324.0
0.4406956361285682,374.0,6290.0
0.445058959258554,376.0,6256.0
0.4494222823885398,371.0,5967.0
0.4537856055185257,370.0,5888.0
0.45814892864851153,375.0,5479.0
0.4625122517784973,385.0,3899.0
0.46687557490848314,364.0,2449.0
0.47123889803846897,377.0,2533.0
0.47560222116845474,372.0,1895.0
0.4799655442984406,375.0,1746.0
0.48432886742842646,369.0,1688.0
0.4886921905584123,370.0,1647.0
0.49305551368839806,374.0,1597.0
0.4974188368183839,374.0,1597.0
0.5017821599483697,374.0,1593.0
0.5061454830783556,374.0,1583.0
0.5105088062083414,375.0,1521.0
0.5148721293383272,378.0,1590.0
0.519235452468313,380.0,1542.0
0.5235987755982988,381.0,1566.0
0.5279620987282847,377.0,1550.0
0.5323254218582705,385.0,1523.0
0.5366887449882564,399.0,1522.0
0.5410520681182421,390.0,1484.0
0.5454153912482279,385.0,1476.0
0.5497787143782138,389.0,1513.0
0.5541420375081997,394.0,1539.0
0.5585053606381855,396.0,1521.0
0.5628686837681712,398.0,1503.0
0.5672320068981571,398.0,1503.0
0.571595330028143,402.0,1471.0
0.5759586531581288,408.0,1530.0
0.5803219762881145,404.0,1514.0
0.5846852994181003,401.0,1499.0
0.5890486225480862,407.0,1472.0
0.5934119456780721,411.0,1484.0
0.5977752688080579,412.0,1501.0
0.6021385919380436,411.0,1494.0
0.6065019150680295,411.0,1488.0
0.6108652381980153,413.0,1440.0
0.6152285613280011,413.0,1440.0
0.619591884457987,412.0,1452.0
0.6239552075879728,413.0,1462.0
0.6283185307179586,409.0,1445.0
0.6326818538479444,409.0,1423.0
0.6370451769779303,418.0,1404.0
0.6414085001079162,420.0,1401.0
0.6457718232379019,418.0,1403.0
0.6501351463678877,416.0,1395.0
0.6544984694978736,413.0,1361.0
0.6588617926278594,417.0,1379.0
0.6632251157578452,425.0,1402.0
0.667588438887831,429.0,1383.0
0.6719517620178169,417.0,1391.0
0.6763150851478027,421.0,1408.0
0.6806784082777885,422.0,1399.0
0.6850417314077742,430.0,1401.0
0.6894050545377601,432.0,1380.0
0.693768377667746,433.0,1368.0
0.6981317007977318,432.0,1357.0
0.7024950239277176,433.0,1354.0
0.7068583470577035,432.0,1353.0
0.7112216701876892,431.0,1336.0
0.715584993317675,429.0,1319.0
0.7199483164476609,434.0,1334.0
0.7243116395776468,439.0,1352.0
0.7286749627076327,440.0,1352.0
0.7330382858376184,440.0,1344.0
0.7374016089676042,439.0,1339.0
0.7417649320975901,438.0,1328.0
0.7461282552275759,441.0,1285.0
0.7504915783575616,449.0,1290.0
0.7548549014875475,453.0,1209.0
0.7592182246175333,451.0,1191.0
0.7635815477475191,445.0,1179.0
0.767944870877505,443.0,1170.0
0.7723081940074908,459.0,1143.0
0.7766715171374767,463.0,1036.0
0.7810348402674625,468.0,1024.0
0.7853981633974483,480.0,1027.0
0.789761486527434,476.0,990.0
0.7941248096574199,486.0,967.0
0.7984881327874057,517.0,937.0
0.8028514559173915,587.0,886.0
0.8072147790473774,711.0,792.0
0.8115781021773631,904.0,781.0
0.8159414253073491,904.0,781.0
0.8203047484373349,908.0,804.0
0.8246680715673207,902.0,792.0
0.8290313946973066,924.0,820.0
0.8333947178272924,916.0,780.0
0.8377580409572781,903.0,733.0
0.842121364087264,904.0,734.0
0.8464846872172498,908.0,732.0
0.8508480103472356,906.0,730.0
0.8552113334772214,900.0,732.0
0.8595746566072072,881.0,746.0
0.8639379797371932,879.0,754.0
0.868301302867179,871.0,766.0
0.8726646259971648,872.0,751.0
0.8770279491271507,876.0,745.0
0.8813912722571364,886.0,755.0
0.8857545953871222,878.0,746.0
0.890117918517108,876.0,747.0
0.8944812416470939,876.0,748.0
0.8988445647770796,875.0,749.0
0.9032078879070654,862.0,752.0
0.9075712110370514,862.0,752.0
0.9119345341670372,864.0,756.0
0.9162978572970231,853.0,756.0
0.9206611804270088,844.0,753.0
0.9250245035569946,834.0,769.0
0.9293878266869805,832.0,794.0
0.9337511498169663,845.0,749.0
0.938114472946952,840.0,731.0
0.9424777960769379,840.0,731.0
0.9468411192069237,848.0,766.0
0.9512044423369095,845.0,769.0
0.9555677654668955,842.0,769.0
0.9599310885968813,840.0,769.0
0.9642944117268671,850.0,797.0
0.9686577348568529,841.0,787.0
0.9730210579868387,836.0,790.0
0.9773843811168246,838.0,794.0
0.9817477042468103,835.0,808.0
0.9861110273767961,815.0,808.0
0.9904743505067819,820.0,830.0
0.9948376736367678,810.0,730.0
0.9992009967667536,818.0,708.0
1.0035643198967394,814.0,693.0
1.0079276430267254,826.0,690.0
1.0122909661567112,819.0,675.0
1.016654289286697,815.0,668.0
1.0210176124166828,813.0,664.0
1.0253809355466685,815.0,671.0
1.0297442586766543,814.0,674.0
1.0341075818066403,817.0,689.0
1.038470904936626,813.0,691.0
1.0428342280666119,788.0,711.0
1.0471975511965976,786.0,734.0
1.0515608743265836,787.0,896.0
1.0559241974565694,782.0,1154.0
1.0602875205865552,782.0,1186.0
1.064650843716541,780.0,1195.0
1.0690141668465267,768.0,1160.0
1.0733774899765127,771.0,1191.0
1.0777408131064985,771.0,1191.0
1.0821041362364843,774.0,1203.0
1.08646745936647,781.0,1218.0
1.0908307824964558,769.0,1165.0
1.0951941056264418,767.0,1156.0
1.0995574287564276,767.0,1141.0
1.1039207518864134,765.0,1057.0
1.1082840750163994,774.0,994.0
1.1126473981463851,749.0,823.0
1.117010721276371,760.0,812.0
1.1213740444063567,753.0,855.0
1.1257373675363425,759.0,1076.0
1.1301006906663282,746.0,1190.0
1.1344640137963142,744.0,1194.0
1.1388273369263,745.0,1182.0
1.143190660056286,746.0,1171.0
1.1475539831862718,743.0,1163.0
1.1519173063162575,738.0,1172.0
1.1562806294462433,731.0,1150.0
1.160643952576229,733.0,1164.0
1.1650072757062149,733.0,1164.0
1.1693705988362006,733.0,1132.0
1.1737339219661866,733.0,1122.0
1.1780972450961724,733.0,1122.0
1.1824605682261582,722.0,1131.0
1.1868238913561442,724.0,1139.0
1.19118721448613,733.0,971.0
1.1955505376161157,732.0,905.0
1.1999138607461015,731.0,973.0
1.2042771838760873,724.0,1217.0
1.2086405070060733,721.0,1258.0
1.213003830136059,718.0,1257.0
1.2173671532660448,718.0,1235.0
1.2217304763960306,719.0,1246.0
1.2260937995260164,714.0,1250.0
1.2304571226560022,714.0,1254.0
1.2348204457859882,720.0,1223.0
1.239183768915974,723.0,1216.0
1.24354709204596,727.0,1236.0
1.2479104151759457,726.0,1171.0
1.2522737383059315,723.0,1116.0
1.2566370614359172,722.0,1024.0
1.261000384565903,729.0,915.0
1.2653637076958888,711.0,833.0
1.2697270308258746,702.0,817.0
1.2740903539558606,716.0,892.0
1.2784536770858463,696.0,903.0
1.2828170002158323,702.0,958.0
1.2871803233458181,699.0,770.0
1.2915436464758039,667.0,584.0
1.2959069696057897,666.0,579.0
1.3002702927357754,652.0,641.0
1.3046336158657612,661.0,786.0
1.3089969389957472,656.0,826.0
1.313360262125733,666.0,697.0
1.3177235852557188,697.0,762.0
1.3220869083857045,729.0,828.0
1.3264502315156903,746.0,849.0
1.3308135546456763,774.0,880.0
1.335176877775662,781.0,882.0
1.3395402009056478,781.0,879.0
1.3439035240356338,793.0,939.0
1.3482668471656196,797.0,1059.0
1.3526301702956054,786.0,1121.0
1.3569934934255912,765.0,1231.0
1.361356816555577,727.0,1086.0
1.3657201396855627,717.0,1048.0
1.3700834628155485,707.0,996.0
1.3744467859455345,712.0,997.0
1.3788101090755203,689.0,976.0
1.3831734322055063,678.0,959.0
1.387536755335492,676.0,953.0
1.3919000784654778,671.0,946.0
1.3962634015954636,671.0,940.0
1.4006267247254494,676.0,941.0
1.4049900478554351,673.0,936.0
1.4093533709854211,663.0,936.0
1.413716694115407,657.0,941.0
1.4180800172453927,632.0,888.0
1.4224433403753785,480.0,807.0
1.4268066635053644,454.0,965.0
1.43116998663535,446.0,1074.0
1.435533309765336,451.0,1113.0
1.4398966328953218,453.0,1212.0
1.4442599560253078,450.0,1559.0
1.4486232791552935,450.0,1689.0
1.4529866022852793,450.0,1696.0
1.4573499254152653,447.0,1605.0
1.4617132485452509,443.0,1562.0
1.4660765716752369,447.0,1558.0
1.4704398948052224,449.0,1595.0
1.4748032179352084,446.0,1597.0
1.4791665410651942,442.0,1661.0
1.4835298641951802,442.0,1661.0
1.4878931873251657,447.0,1712.0
1.4922565104551517,447.0,1712.0
1.4966198335851377,448.0,1757.0
1.5009831567151233,448.0,1759.0
1.5053464798451093,442.0,1515.0
1.509709802975095,456.0,1264.0
1.5140731261050808,449.0,1162.0
1.5184364492350666,447.0,1044.0
1.5227997723650526,462.0,997.0
1.5271630954950381,494.0,855.0
1.5315264186250241,538.0,863.0
1.53588974175501,552.0,917.0
1.5402530648849957,550.0,926.0
1.5446163880149817,553.0,920.0
1.5489797111449675,556.0,920.0
1.5533430342749535,556.0,920.0
1.557706357404939,560.0,917.0
1.562069680534925,555.0,904.0
1.5664330036649106,550.0,891.0
1.5707963267948966,558.0,903.0
1.5751596499248823,566.0,914.0
1.579522973054868,563.0,907.0
1.583886296184854,561.0,922.0
1.5882496193148399,559.0,927.0
1.5926129424448259,556.0,947.0
1.5969762655748114,547.0,960.0
1.6013395887047974,540.0,958.0
1.605702911834783,552.0,1001.0
1.610066234964769,556.0,1019.0
1.6144295580947547,556.0,1019.0
1.6187928812247407,560.0,953.0
1.6231562043547263,549.0,843.0
1.6275195274847123,552.0,858.0
1.6318828506146983,552.0,880.0
1.6362461737446838,554.0,883.0
1.6406094968746698,555.0,916.0
1.6449728200046556,548.0,901.0
1.6493361431346414,548.0,901.0
1.6536994662646272,546.0,891.0
1.6580627893946132,547.0,884.0
1.6624261125245987,508.0,746.0
1.6667894356545847,517.0,731.0
1.6711527587845703,502.0,692.0
1.6755160819145563,512.0,728.0
1.6798794050445423,520.0,768.0
1.684242728174528,520.0,768.0
1.688606051304514,502.0,734.0
1.6929693744344996,501.0,782.0
1.6973326975644856,499.0,861.0
1.7016960206944711,493.0,973.0
1.7060593438244571,496.0,1059.0
1.710422666954443,500.0,1095.0
1.7147859900844287,500.0,1095.0
1.7191493132144144,498.0,1074.0
1.7235126363444004,503.0,1079.0
1.7278759594743864,504.0,1081.0
1.732239282604372,507.0,1083.0
1.736602605734358,502.0,1082.0
1.7409659288643435,502.0,1085.0
1.7453292519943295,502.0,1032.0
1.7496925751243153,508.0,989.0
1.7540558982543013,506.0,873.0
1.7584192213842869,493.0,764.0
1.7627825445142729,496.0,711.0
1.7671458676442584,506.0,734.0
1.7715091907742444,513.0,766.0
1.7758725139042304,506.0,784.0
1.780235837034216,487.0,767.0
1.784599160164202,487.0,748.0
1.7889624832941877,493.0,770.0
1.7933258064241737,494.0,833.0
1.7976891295541593,498.0,844.0
1.8020524526841453,494.0,844.0
1.8064157758141308,499.0,839.0
1.8107790989441168,495.0,817.0
1.8151424220741028,498.0,820.0
1.8195057452040886,503.0,813.0
1.8238690683340744,501.0,801.0
1.8282323914640601,493.0,791.0
1.8325957145940461,477.0,773.0
1.8369590377240317,484.0,796.0
1.8413223608540177,474.0,790.0
1.8456856839840035,481.0,794.0
1.8500490071139892,472.0,781.0
1.854412330243975,488.0,815.0
1.858775653373961,488.0,815.0
1.863138976503947,441.0,722.0
1.8675022996339325,441.0,722.0
1.8718656227639185,478.0,832.0
1.876228945893904,477.0,888.0
1.88059226902389,479.0,939.0
1.8849555921538759,483.0,991.0
1.8893189152838619,467.0,990.0
1.8936822384138474,440.0,1017.0
1.8980455615438334,356.0,1016.0
1.902408884673819,332.0,1027.0
1.906772207803805,315.0,1037.0
1.911135530933791,324.0,1099.0
1.9154988540637765,326.0,1113.0
1.9198621771937625,333.0,1134.0
1.9242255003237483,368.0,1169.0
1.9285888234537343,401.0,1148.0
1.9329521465837198,484.0,1091.0
1.9373154697137058,510.0,1023.0
1.9416787928436914,517.0,936.0
1.9460421159736774,519.0,927.0
1.9504054391036632,508.0,897.0
1.9547687622336491,484.0,893.0
1.959132085363635,452.0,927.0
1.9634954084936207,419.0,915.0
1.9678587316236067,429.0,955.0
1.9722220547535922,429.0,955.0
1.9765853778835782,413.0,898.0
1.9809487010135638,406.0,869.0
1.9853120241435498,379.0,779.0
1.9896753472735356,432.0,854.0
1.9940386704035216,462.0,928.0
1.9984019935335071,463.0,966.0
2.002765316663493,466.0,971.0
2.007128639793479,475.0,962.0
2.011491962923465,528.0,949.0
2.015855286053451,666.0,856.0
2.0202186091834364,711.0,778.0
2.0245819323134224,697.0,799.0
2.028945255443408,653.0,858.0
2.033308578573394,588.0,751.0
2.0376719017033795,637.0,993.0
2.0420352248333655,629.0,1243.0
2.046398547963351,587.0,1205.0
2.050761871093337,539.0,1119.0
2.055125194223323,498.0,946.0
2.0594885173533086,481.0,901.0
2.0638518404832946,451.0,819.0
2.0682151636132806,465.0,847.0
2.072578486743266,444.0,792.0
2.076941809873252,555.0,1079.0
2.081305133003238,581.0,1135.0
2.0856684561332237,617.0,1217.0
2.0900317792632097,643.0,1233.0
2.0943951023931953,640.0,1229.0
2.0987584255231813,482.0,1321.0
2.1031217486531673,405.0,1339.0
2.107485071783153,371.0,1307.0
2.111848394913139,358.0,1229.0
2.1162117180431244,355.0,1208.0
2.1205750411731104,367.0,1259.0
2.124938364303096,388.0,1328.0
2.129301687433082,427.0,1438.0
2.133665010563068,459.0,1469.0
2.1380283336930535,525.0,1398.0
2.1423916568230394,537.0,1394.0
2.1467549799530254,529.0,1293.0
2.1511183030830114,478.0,908.0
2.155481626212997,514.0,856.0
2.159844949342983,679.0,1144.0
2.1642082724729685,806.0,1274.0
2.1685715956029545,834.0,1341.0
2.17293491873294,889.0,1402.0
2.177298241862926,1011.0,1590.0
2.1816615649929116,1051.0,1638.0
2.1860248881228976,991.0,1603.0
2.1903882112528836,918.0,1276.0
2.194751534382869,905.0,1192.0
2.199114857512855,919.0,1163.0
2.2034781806428407,881.0,818.0
2.2078415037728267,856.0,756.0
2.2122048269028127,856.0,756.0
2.2165681500327987,856.0,759.0
2.2209314731627843,862.0,903.0
2.2252947962927703,853.0,1036.0
2.229658119422756,844.0,1097.0
2.234021442552742,822.0,1094.0
2.238384765682728,800.0,1037.0
2.2427480888127134,747.0,1056.0
2.2471114119426994,587.0,1201.0
2.251474735072685,448.0,1256.0
2.255838058202671,367.0,1108.0
2.2602013813326565,350.0,1021.0
2.2645647044626425,339.0,846.0
2.2689280275926285,332.0,621.0
2.273291350722614,332.0,621.0
2.2951079663725436,335.0,531.0
2.299471289502529,335.0,531.0
2.303834612632515,346.0,622.0
2.3081979357625007,335.0,657.0
2.3125612588924866,344.0,683.0
2.316924582022472,337.0,696.0
2.321287905152458,331.0,706.0
2.3256512282824437,343.0,705.0
2.3300145514124297,347.0,710.0
2.3343778745424157,349.0,712.0
2.3387411976724013,349.0,710.0
2.3431045208023873,346.0,704.0
2.3474678439323733,346.0,704.0
2.3518311670623593,348.0,693.0
2.356194490192345,345.0,681.0