-2.356194490192345,55.0,485.0
-2.3518311670623593,31.0,461.0
-2.3474678439323733,33.0,463.0
-2.3431045208023873,39.0,456.0
-2.3387411976724013,51.0,452.0
-2.3343778745424157,49.0,448.0
-2.3300145514124297,49.0,437.0
-2.3256512282824437,40.0,413.0
-2.321287905152458,42.0,403.0
-2.316924582022472,446.0,1302.0
-2.3125612588924866,456.0,1282.0
-2.3081979357625007,486.0,1312.0
-2.303834612632515,509.0,1308.0
-2.299471289502529,528.0,1321.0
-2.2951079663725436,578.0,1345.0
-2.2907446432425576,612.0,1352.0
-2.286381320112572,673.0,1369.0
-2.282017996982586,744.0,1342.0
-2.2776546738526,1428.0,1042.0
-2.273291350722614,1431.0,1056.0
-2.2689280275926285,1434.0,1070.0
-2.2645647044626425,1435.0,1088.0
-2.2602013813326565,1439.0,1114.0
-2.255838058202671,1439.0,1114.0
-2.251474735072685,1441.0,1125.0
-2.2471114119426994,1427.0,1108.0
-2.2427480888127134,1435.0,1131.0
-2.238384765682728,1435.0,1123.0
-2.234021442552742,1439.0,1119.0
-2.229658119422756,1441.0,1112.0
-2.2252947962927703,1438.0,1107.0
-2.2209314731627843,1439.0,1114.0
-2.2165681500327987,1441.0,1124.0
-2.2122048269028127,1451.0,1119.0
-2.2078415037728267,1452.0,1120.0
-2.2034781806428407,1458.0,1107.0
-2.199114857512855,1459.0,1109.0
-2.194751534382869,1459.0,1109.0
-2.1903882112528836,1462.0,1126.0
-2.1860248881228976,1468.0,1122.0
-2.1816615649929116,1472.0,1122.0
-2.177298241862926,1473.0,1108.0
-2.17293491873294,1485.0,1118.0
-2.1685715956029545,1500.0,1131.0
-2.1642082724729685,1509.0,1142.0
-2.159844949342983,1519.0,1138.0
-2.155481626212997,1518.0,1118.0
-2.1511183030830114,1524.0,1128.0
-2.1467549799530254,1528.0,1135.0
-2.1423916568230394,1531.0,1137.0
-2.1380283336930535,1542.0,1130.0
-2.133665010563068,1544.0,1117.0
-2.129301687433082,1566.0,1122.0
-2.124938364303096,1628.0,1083.0
-2.1205750411731104,1649.0,1092.0
-2.1162117180431244,1650.0,1087.0
-2.111848394913139,1654.0,1075.0
-2.107485071783153,1655.0,1014.0
-2.1031217486531673,1664.0,917.0
-2.0987584255231813,1682.0,735.0
-2.0943951023931953,1647.0,355.0
-2.0900317792632097,4521.0,542.0
-2.0856684561332237,4521.0,542.0
-2.081305133003238,4522.0,551.0
-2.076941809873252,4535.0,565.0
-2.072578486743266,4547.0,578.0
-2.0682151636132806,4566.0,573.0
-2.0638518404832946,4607.0,586.0
-2.0594885173533086,4698.0,725.0
-2.055125194223323,4729.0,746.0
-2.050761871093337,4711.0,703.0
-2.046398547963351,1126.0,406.0
-2.0420352248333655,1131.0,448.0
-2.0376719017033795,1141.0,462.0
-2.033308578573394,1138.0,446.0
-2.028945255443408,1129.0,432.0
-2.0245819323134224,1112.0,412.0
-2.0202186091834364,1097.0,411.0
-2.015855286053451,1097.0,411.0
-2.011491962923465,1093.0,397.0
-2.007128639793479,1094.0,390.0
-2.002765316663493,1079.0,357.0
-1.9984019935335071,1075.0,349.0
-1.9940386704035216,1079.0,351.0
-1.9896753472735356,1067.0,334.0
-1.9853120241435498,1069.0,334.0
-1.9809487010135638,1079.0,366.0
-1.9765853778835782,1081.0,397.0
-1.9722220547535922,1084.0,388.0
-1.9678587316236067,1077.0,367.0
-1.9634954084936207,1080.0,352.0
-1.959132085363635,1076.0,344.0
-1.9547687622336491,1095.0,355.0
-1.9504054391036632,1078.0,338.0
-1.9460421159736774,1078.0,338.0
-1.9416787928436914,1068.0,322.0
-1.9373154697137058,1058.0,306.0
-1.9329521465837198,1012.0,244.0
-1.9285888234537343,1021.0,268.0
-1.9242255003237483,1054.0,301.0
-1.9198621771937625,1054.0,301.0
-1.9154988540637765,1030.0,353.0
-1.911135530933791,1009.0,368.0
-1.906772207803805,1025.0,345.0
-1.902408884673819,1056.0,339.0
-1.8980455615438334,995.0,335.0
-1.8936822384138474,1016.0,374.0
-1.8893189152838619,998.0,416.0
-1.8849555921538759,976.0,669.0
-1.88059226902389,978.0,915.0
-1.876228945893904,966.0,832.0
-1.8718656227639185,980.0,797.0
-1.8675022996339325,991.0,776.0
-1.863138976503947,1002.0,780.0
-1.858775653373961,1001.0,773.0
-1.854412330243975,1008.0,775.0
-1.8500490071139892,1018.0,775.0
-1.8456856839840035,1023.0,770.0
-1.8413223608540177,1028.0,764.0
-1.8369590377240317,1035.0,758.0
-1.8325957145940461,1040.0,761.0
-1.8282323914640601,1037.0,755.0
-1.8238690683340744,1050.0,756.0
-1.8195057452040886,1060.0,758.0
-1.8151424220741028,1069.0,755.0
-1.8107790989441168,1085.0,761.0
-1.8064157758141308,1087.0,751.0
-1.8020524526841453,1092.0,752.0
-1.7976891295541593,1095.0,747.0
-1.7933258064241737,1094.0,740.0
-1.7889624832941877,1087.0,740.0
-1.784599160164202,1084.0,747.0
-1.780235837034216,1087.0,753.0
-1.7758725139042304,1064.0,775.0
-1.7715091907742444,1056.0,777.0
-1.7671458676442584,1051.0,853.0
-1.7627825445142729,1015.0,924.0
-1.7584192213842869,945.0,978.0
-1.7540558982543013,857.0,1033.0
-1.7496925751243153,810.0,1043.0
-1.7453292519943295,760.0,1076.0
-1.7409659288643435,746.0,1079.0
-1.736602605734358,724.0,1087.0
-1.732239282604372,712.0,1332.0
-1.7278759594743864,674.0,1116.0
-1.7235126363444004,613.0,997.0
-1.7191493132144144,566.0,1118.0
-1.7147859900844287,450.0,851.0
-1.710422666954443,444.0,864.0
-1.7060593438244571,448.0,903.0
-1.7016960206944711,448.0,930.0
-1.6973326975644856,432.0,918.0
-1.6929693744344996,453.0,971.0
-1.688606051304514,461.0,954.0
-1.684242728174528,468.0,936.0
-1.6798794050445423,468.0,936.0
-1.6755160819145563,466.0,1031.0
-1.6711527587845703,466.0,1058.0
-1.6667894356545847,531.0,1082.0
-1.6624261125245987,645.0,1027.0
-1.6580627893946132,628.0,884.0
-1.6536994662646272,631.0,883.0
-1.6493361431346414,642.0,867.0
-1.6449728200046556,775.0,1515.0
-1.6406094968746698,762.0,1135.0
-1.6362461737446838,817.0,1173.0
-1.6318828506146983,837.0,1109.0
-1.6275195274847123,912.0,1234.0
-1.6231562043547263,953.0,1150.0
-1.6187928812247407,986.0,992.0
-1.6144295580947547,1025.0,908.0
-1.610066234964769,1011.0,869.0
-1.605702911834783,986.0,830.0
-1.6013395887047974,959.0,808.0
-1.5969762655748114,1011.0,1004.0
-1.5926129424448259,1011.0,1004.0
-1.5882496193148399,1010.0,930.0
-1.583886296184854,1033.0,891.0
-1.579522973054868,1044.0,860.0
-1.5751596499248823,1055.0,850.0
-1.5707963267948966,1059.0,824.0
-1.5664330036649106,1082.0,830.0
-1.562069680534925,1075.0,882.0
-1.557706357404939,1082.0,943.0
-1.5533430342749535,1084.0,843.0
-1.5489797111449675,1148.0,894.0
-1.5446163880149817,1151.0,909.0
-1.5402530648849957,1149.0,921.0
-1.53588974175501,1146.0,930.0
-1.5315264186250241,1130.0,935.0
-1.5271630954950381,1110.0,972.0
-1.5227997723650526,1099.0,989.0
-1.5184364492350666,1092.0,1015.0
-1.5140731261050808,1085.0,972.0
-1.509709802975095,1074.0,781.0
-1.5053464798451093,1054.0,780.0
-1.5009831567151233,1036.0,986.0
-1.4966198335851377,1040.0,1023.0
-1.4922565104551517,1039.0,797.0
-1.4878931873251657,1025.0,589.0
-1.4835298641951802,1049.0,580.0
-1.4791665410651942,1055.0,573.0
-1.4748032179352084,1092.0,629.0
-1.4704398948052224,1186.0,806.0
-1.4660765716752369,1168.0,776.0
-1.4617132485452509,1199.0,880.0
-1.4573499254152653,1205.0,949.0
-1.4529866022852793,1208.0,961.0
-1.4486232791552935,1207.0,952.0
-1.4442599560253078,1211.0,964.0
-1.4398966328953218,1208.0,954.0
-1.435533309765336,1205.0,948.0
-1.43116998663535,1208.0,943.0
-1.4268066635053644,1223.0,924.0
-1.4224433403753785,1241.0,903.0
-1.4180800172453927,1265.0,905.0
-1.413716694115407,1303.0,902.0
-1.4093533709854211,1374.0,1014.0
-1.4049900478554351,1388.0,1024.0
-1.4006267247254494,1410.0,1077.0
-1.3962634015954636,1423.0,1002.0
-1.3919000784654778,1397.0,814.0
-1.387536755335492,1387.0,582.0
-1.3831734322055063,1399.0,525.0
-1.3788101090755203,1459.0,562.0
-1.3744467859455345,1778.0,938.0
-1.3700834628155485,1841.0,1006.0
-1.3657201396855627,1669.0,854.0
-1.361356816555577,1571.0,776.0
-1.3569934934255912,1514.0,734.0
-1.3526301702956054,1424.0,555.0
-1.3482668471656196,1453.0,577.0
-1.3439035240356338,1655.0,699.0
-1.3395402009056478,1962.0,1074.0
-1.335176877775662,1962.0,1074.0
-1.3308135546456763,1957.0,1034.0
-1.3264502315156903,1946.0,953.0
-1.3220869083857045,1944.0,948.0
-1.3177235852557188,1823.0,978.0
-1.313360262125733,1811.0,989.0
-1.3089969389957472,1833.0,954.0
-1.3046336158657612,1823.0,954.0
-1.3002702927357754,1800.0,975.0
-1.2959069696057897,1767.0,960.0
-1.2915436464758039,1744.0,958.0
-1.2871803233458181,1721.0,959.0
-1.2828170002158323,1678.0,963.0
-1.2784536770858463,1664.0,1069.0
-1.2740903539558606,1659.0,1117.0
-1.2697270308258746,1657.0,1115.0
-1.2653637076958888,1654.0,1125.0
-1.261000384565903,1654.0,1138.0
-1.2566370614359172,1658.0,1124.0
-1.2522737383059315,1658.0,1121.0
-1.2479104151759457,1656.0,1114.0
-1.24354709204596,1663.0,1140.0
-1.239183768915974,1665.0,1140.0
-1.2348204457859882,1667.0,1127.0
-1.2304571226560022,1672.0,1129.0
-1.2260937995260164,1675.0,1129.0
-1.2217304763960306,1681.0,1127.0
-1.2173671532660448,1685.0,1132.0
-1.213003830136059,1687.0,1138.0
-1.2086405070060733,1684.0,1139.0
-1.2042771838760873,1685.0,1149.0
-1.1999138607461015,1685.0,1154.0
-1.1955505376161157,1693.0,1133.0
-1.19118721448613,1694.0,1131.0
-1.1868238913561442,1694.0,1125.0
-1.1824605682261582,1699.0,1149.0
-1.1780972450961724,1705.0,1173.0
-1.1737339219661866,1710.0,1154.0
-1.1693705988362006,1713.0,1158.0
-1.1650072757062149,1717.0,1161.0
-1.160643952576229,1718.0,1157.0
-1.1562806294462433,1716.0,1144.0
-1.1519173063162575,1719.0,1161.0
-1.1475539831862718,1712.0,1115.0
-1.143190660056286,1714.0,1112.0
-1.1388273369263,1706.0,1108.0
-1.1344640137963142,1693.0,1101.0
-1.1301006906663282,1680.0,1104.0
-1.1257373675363425,1659.0,1099.0
-1.1213740444063567,1640.0,1103.0
-1.117010721276371,1627.0,1106.0
-1.1126473981463851,1616.0,1121.0
-1.1082840750163994,1602.0,1110.0
-1.1039207518864134,1583.0,1102.0
-1.0995574287564276,1562.0,1119.0
-1.0951941056264418,1550.0,1111.0
-1.0908307824964558,1540.0,1108.0
-1.08646745936647,1530.0,1106.0
-1.0821041362364843,1523.0,1111.0
-1.0777408131064985,1513.0,1098.0
-1.0733774899765127,1499.0,1108.0
-1.0690141668465267,1488.0,1121.0
-1.064650843716541,1473.0,1115.0
-1.0602875205865552,1452.0,1106.0
-1.0559241974565694,1441.0,1122.0
-1.0515608743265836,1435.0,1124.0
-1.0471975511965976,1422.0,1105.0
-1.0428342280666119,1415.0,1122.0
-1.038470904936626,1399.0,1111.0
-1.0341075818066403,1386.0,1100.0
-1.0297442586766543,1385.0,1133.0
-1.0253809355466685,1373.0,1112.0
-1.0210176124166828,1362.0,1109.0
-1.016654289286697,1352.0,1125.0
-1.0122909661567112,1343.0,1131.0
-1.0079276430267254,1336.0,1113.0
-1.0035643198967394,1329.0,1114.0
-0.9992009967667536,1316.0,1106.0
-0.9948376736367678,1309.0,1129.0
-0.9904743505067819,1300.0,1117.0
-0.9861110273767961,1286.0,1121.0
-0.9817477042468103,1274.0,1126.0
-0.9773843811168246,1264.0,1135.0
-0.9730210579868387,1257.0,1132.0
-0.9686577348568529,1254.0,1134.0
-0.9642944117268671,1252.0,1147.0
-0.9599310885968813,1247.0,1127.0
-0.9555677654668955,1236.0,1109.0
-0.9512044423369095,1189.0,1127.0
-0.9468411192069237,1164.0,1245.0
-0.9424777960769379,1165.0,1216.0
-0.938114472946952,1178.0,1121.0
-0.9337511498169663,1181.0,1103.0
-0.9293878266869805,1180.0,1149.0
-0.9250245035569946,1177.0,1174.0
-0.9206611804270088,1176.0,1174.0
-0.9162978572970231,1167.0,1150.0
-0.9119345341670372,1157.0,1139.0
-0.9075712110370514,1146.0,1153.0
-0.9032078879070654,1142.0,1141.0
-0.8988445647770796,1138.0,1148.0
-0.8944812416470939,1130.0,1146.0
-0.890117918517108,1128.0,1158.0
-0.8857545953871222,1123.0,1150.0
-0.8813912722571364,1113.0,1130.0
-0.8770279491271507,1109.0,1128.0
-0.8726646259971648,1109.0,1142.0
-0.868301302867179,1097.0,1150.0
-0.8639379797371932,1086.0,1157.0
-0.8595746566072072,1085.0,1164.0
-0.8552113334772214,1088.0,1160.0
-0.8508480103472356,1086.0,1167.0
-0.8464846872172498,1071.0,1169.0
-0.842121364087264,1060.0,1152.0
-0.8377580409572781,1056.0,1186.0
-0.8333947178272924,1053.0,1187.0
-0.8290313946973066,1051.0,1190.0
-0.8246680715673207,1045.0,1204.0
-0.8203047484373349,1039.0,1205.0
-0.8159414253073491,1032.0,1183.0
-0.8115781021773631,1031.0,1196.0
-0.8072147790473774,1025.0,1191.0
-0.8028514559173915,1024.0,1203.0
-0.7984881327874057,1018.0,1224.0
-0.7941248096574199,1015.0,1217.0
-0.789761486527434,1009.0,1223.0
-0.7853981633974483,1006.0,1272.0
-0.7810348402674625,1000.0,1284.0
-0.7766715171374767,997.0,1266.0
-0.7723081940074908,998.0,1292.0
-0.767944870877505,992.0,1263.0
-0.7635815477475191,983.0,1250.0
-0.7592182246175333,971.0,1248.0
-0.7548549014875475,966.0,1259.0
-0.7504915783575616,964.0,1263.0
-0.7461282552275759,963.0,1264.0
-0.7417649320975901,959.0,1261.0
-0.7374016089676042,959.0,1267.0
-0.7330382858376184,959.0,1272.0
-0.7286749627076327,952.0,1273.0
-0.7243116395776468,947.0,1275.0
-0.7199483164476609,945.0,1277.0
-0.715584993317675,945.0,1288.0
-0.7112216701876892,943.0,1278.0
-0.7068583470577035,942.0,1289.0
-0.7024950239277176,937.0,1298.0
-0.6981317007977318,928.0,1290.0
-0.693768377667746,922.0,1291.0
-0.6894050545377601,923.0,1299.0
-0.6850417314077742,924.0,1305.0
-0.6806784082777885,921.0,1307.0
-0.6763150851478027,914.0,1311.0
-0.6719517620178169,909.0,1338.0
-0.667588438887831,910.0,1324.0
-0.6632251157578452,907.0,1340.0
-0.6588617926278594,901.0,1333.0
-0.6544984694978736,897.0,1324.0
-0.6501351463678877,896.0,1330.0
-0.6457718232379019,893.0,1346.0
-0.6414085001079162,891.0,1328.0
-0.6370451769779303,895.0,1365.0
-0.6326818538479444,884.0,1349.0
-0.6283185307179586,878.0,1356.0
-0.6239552075879728,872.0,1364.0
-0.619591884457987,874.0,1392.0
-0.6152285613280011,873.0,1388.0
-0.6108652381980153,866.0,1455.0
-0.6065019150680295,855.0,1494.0
-0.6021385919380436,836.0,1675.0
-0.5977752688080579,826.0,1955.0
-0.5934119456780721,842.0,2887.0
-0.5890486225480862,818.0,3790.0
-0.5846852994181003,818.0,4351.0
-0.5803219762881145,821.0,4700.0
-0.5759586531581288,815.0,4722.0
-0.571595330028143,817.0,4970.0
-0.5672320068981571,817.0,5129.0
-0.5628686837681712,817.0,5195.0
-0.5585053606381855,826.0,5290.0
-0.5541420375081997,824.0,5570.0
-0.5497787143782138,822.0,5588.0
-0.5454153912482279,819.0,5708.0
-0.5410520681182421,815.0,5690.0
-0.5366887449882564,804.0,5679.0
-0.5323254218582705,803.0,5941.0
-0.5279620987282847,806.0,6025.0
-0.5235987755982988,811.0,6174.0
-0.519235452468313,810.0,6110.0
-0.5148721293383272,806.0,6220.0
-0.5105088062083414,809.0,6446.0
-0.5061454830783556,808.0,6488.0
-0.5017821599483697,812.0,6655.0
-0.4974188368183839,804.0,6603.0
-0.49305551368839806,801.0,6663.0
-0.4886921905584123,796.0,6621.0
-0.48432886742842646,793.0,6792.0
-0.4799655442984406,793.0,6734.0
-0.47560222116845474,792.0,6890.0
-0.47123889803846897,789.0,6927.0
-0.46687557490848314,787.0,6991.0
-0.4625122517784973,780.0,7039.0
-0.45814892864851153,780.0,7038.0
-0.4537856055185257,780.0,7038.0
-0.4494222823885398,780.0,7075.0
-0.445058959258554,780.0,7089.0
-0.4406956361285682,782.0,7028.0
-0.4363323129985824,784.0,7016.0
-0.4319689898685966,782.0,6653.0
-0.4276056667386107,773.0,5728.0
-0.4232423436086249,773.0,5728.0
-0.41887902047863906,777.0,3309.0
-0.4145156973486533,760.0,1961.0
-0.41015237421866746,762.0,2014.0
-0.4057890510886816,753.0,1485.0
-0.40142572795869574,753.0,1486.0
-0.39706240482870997,753.0,1475.0
-0.39269908169872414,749.0,1449.0
-0.38833575856873837,747.0,1438.0
-0.3839724354387525,747.0,1433.0
-0.37960911230876665,743.0,1400.0
-0.3752457891787808,739.0,1378.0
-0.37088246604879505,740.0,1383.0
-0.3665191429188092,740.0,1389.0
-0.3621558197888234,741.0,1405.0
-0.3577924966588375,738.0,1399.0
-0.3534291735288517,738.0,1371.0
-0.3490658503988659,726.0,1378.0
-0.34470252726888007,724.0,1387.0
-0.34033920413889424,725.0,1381.0
-0.33597588100890846,727.0,1380.0
-0.3316125578789226,724.0,1393.0
-0.3272492347489368,728.0,1405.0
-0.32288591161895097,726.0,1412.0
-0.31852258848896514,727.0,1409.0
-0.3141592653589793,720.0,1405.0
-0.3097959422289935,725.0,1414.0
-0.30543261909900765,722.0,1424.0
-0.3010692959690218,720.0,1426.0
-0.29670597283903605,711.0,1447.0
-0.29234264970905016,708.0,1420.0
-0.2879793265790644,709.0,1441.0
-0.28361600344907856,707.0,1439.0
-0.2792526803190927,708.0,1479.0
-0.2748893571891069,708.0,1479.0
-0.27052603405912107,710.0,1548.0
-0.26616271092913524,707.0,1653.0
-0.2617993877991494,706.0,1809.0
-0.2574360646691636,699.0,2048.0
-0.2530727415391778,726.0,3139.0
-0.24870941840919195,698.0,4077.0
-0.24434609527920614,706.0,4621.0
-0.2399827721492203,712.0,5431.0
-0.23561944901923448,711.0,5350.0
-0.23125612588924865,710.0,5504.0
-0.22689280275926285,699.0,5600.0
-0.222529479629277,697.0,5536.0
-0.2181661564992912,697.0,5546.0
-0.21380283336930536,699.0,5561.0
-0.20943951023931953,706.0,5671.0
-0.20507618710933373,711.0,5812.0
-0.20071286397934787,711.0,5764.0
-0.19634954084936207,711.0,5849.0
-0.19198621771937624,714.0,5830.0
-0.1876228945893904,711.0,5854.0
-0.1832595714594046,708.0,5879.0
-0.17889624832941875,711.0,6014.0
-0.17453292519943295,712.0,6112.0
-0.17016960206944712,710.0,6135.0
-0.1658062789394613,707.0,6225.0
-0.16144295580947549,705.0,6280.0
-0.15707963267948966,701.0,6246.0
-0.15271630954950383,704.0,6391.0
-0.14835298641951802,706.0,6480.0
-0.1439896632895322,709.0,6458.0
-0.13962634015954636,709.0,6446.0
-0.13526301702956053,706.0,6470.0
-0.1308996938995747,705.0,6494.0
-0.1265363707695889,707.0,6532.0
-0.12217304763960307,704.0,6605.0
-0.11780972450961724,704.0,6716.0
-0.11344640137963143,709.0,6692.0
-0.1090830782496456,706.0,6738.0
-0.10471975511965977,701.0,6990.0
-0.10035643198967394,703.0,7015.0
-0.09599310885968812,705.0,7057.0
-0.0916297857297023,710.0,7070.0
-0.08726646259971647,708.0,7100.0
-0.08290313946973064,708.0,7097.0
-0.07853981633974483,708.0,7209.0
-0.07417649320975901,707.0,7321.0
-0.06981317007977318,715.0,7180.0
-0.06544984694978735,713.0,7155.0
-0.061086523819801536,712.0,7134.0
-0.05672320068981571,705.0,7166.0
-0.05235987755982988,705.0,7195.0
-0.04799655442984406,705.0,7218.0
-0.04363323129985824,705.0,7128.0
-0.039269908169872414,701.0,6542.0
-0.03490658503988659,701.0,6449.0
-0.030543261909900768,706.0,3560.0
-0.02617993877991494,713.0,2872.0
-0.02181661564992912,693.0,2112.0
-0.017453292519943295,694.0,1962.0
-0.01308996938995747,698.0,1890.0
-0.008726646259971648,696.0,1861.0
-0.004363323129985824,695.0,1823.0
0.0,693.0,1846.0
0.004363323129985824,693.0,1810.0
0.008726646259971648,692.0,1797.0
0.01308996938995747,692.0,1797.0
0.017453292519943295,695.0,1803.0
0.02181661564992912,698.0,1783.0
0.02617993877991494,692.0,1751.0
0.030543261909900768,690.0,1756.0
0.03490658503988659,691.0,1769.0
0.039269908169872414,692.0,1745.0
0.04363323129985824,692.0,1722.0
0.04799655442984406,692.0,1718.0
0.05235987755982988,688.0,1725.0
0.05672320068981571,688.0,1712.0
0.061086523819801536,687.0,1700.0
0.06544984694978735,687.0,1688.0
0.06981317007977318,687.0,1701.0
0.07417649320975901,696.0,1684.0
0.07853981633974483,694.0,1672.0
0.08290313946973064,698.0,1686.0
0.08726646259971647,696.0,1659.0
0.0916297857297023,698.0,1652.0
0.09599310885968812,698.0,1648.0
0.10035643198967394,698.0,1654.0
0.10471975511965977,698.0,1646.0
0.1090830782496456,695.0,1676.0
0.11344640137963143,698.0,1639.0
0.11780972450961724,698.0,1659.0
0.12217304763960307,699.0,1620.0
0.1265363707695889,701.0,1615.0
0.1308996938995747,701.0,1615.0
0.13526301702956053,698.0,1600.0
0.13962634015954636,696.0,1592.0
0.1439896632895322,696.0,1594.0
0.14835298641951802,704.0,1556.0
0.15271630954950383,708.0,1504.0
0.15707963267948966,707.0,1538.0
0.16144295580947549,709.0,1565.0
0.1658062789394613,714.0,1639.0
0.17016960206944712,719.0,1646.0
0.17453292519943295,718.0,1666.0
0.17889624832941875,727.0,1894.0
0.1832595714594046,725.0,1894.0
0.1876228945893904,725.0,1918.0
0.19198621771937624,728.0,1937.0
0.19634954084936207,728.0,1937.0
0.20071286397934787,729.0,1917.0
0.20507618710933373,729.0,1902.0
0.20943951023931953,730.0,1915.0
0.21380283336930536,739.0,1899.0
0.2181661564992912,742.0,1901.0
0.222529479629277,740.0,1911.0
0.22689280275926285,738.0,1910.0
0.23125612588924865,738.0,1910.0
0.23561944901923448,741.0,1894.0
0.2399827721492203,743.0,1888.0
0.24434609527920614,744.0,1888.0
0.24870941840919195,739.0,1883.0
0.2530727415391778,739.0,1888.0
0.2574360646691636,739.0,1888.0
0.2617993877991494,739.0,1888.0
0.26616271092913524,741.0,1888.0
0.27052603405912107,744.0,1888.0
0.2748893571891069,746.0,1888.0
0.2792526803190927,748.0,1875.0
0.28361600344907856,752.0,1858.0
0.2879793265790644,750.0,1866.0
0.29234264970905016,748.0,1875.0
0.29670597283903605,754.0,1869.0
0.3010692959690218,756.0,1871.0
0.30543261909900765,754.0,1863.0
0.3097959422289935,748.0,1859.0
0.3141592653589793,748.0,1860.0
0.31852258848896514,751.0,1884.0
0.32288591161895097,752.0,1883.0
0.3272492347489368,757.0,1861.0
0.3316125578789226,763.0,1853.0
0.33597588100890846,763.0,1853.0
0.34033920413889424,760.0,1839.0
0.34470252726888007,760.0,1839.0
0.3490658503988659,769.0,1796.0
0.3534291735288517,760.0,1808.0
0.3577924966588375,761.0,1828.0
0.3621558197888234,762.0,1816.0
0.3665191429188092,767.0,1806.0
0.37088246604879505,772.0,1802.0
0.3752457891787808,771.0,1808.0
0.37960911230876665,770.0,1817.0
0.3839724354387525,774.0,1813.0
0.38833575856873837,772.0,1772.0
0.39269908169872414,772.0,1772.0
0.39706240482870997,773.0,1775.0
0.40142572795869574,775.0,1801.0
0.4057890510886816,777.0,1776.0
0.41015237421866746,781.0,1766.0
0.4145156973486533,783.0,1773.0
0.41887902047863906,789.0,1758.0
0.4232423436086249,788.0,1750.0
0.4276056667386107,790.0,1749.0
0.4319689898685966,792.0,1763.0
0.4363323129985824,792.0,1759.0
0.4406956361285682,792.0,1761.0
0.445058959258554,793.0,1768.0
0.4494222823885398,793.0,1768.0
0.4537856055185257,794.0,1755.0
0.45814892864851153,796.0,1746.0
0.4625122517784973,796.0,1723.0
0.46687557490848314,796.0,1723.0
0.47123889803846897,797.0,1721.0
0.47560222116845474,804.0,1731.0
0.4799655442984406,805.0,1719.0
0.48432886742842646,809.0,1703.0
0.4886921905584123,812.0,1694.0
0.49305551368839806,813.0,1695.0
0.4974188368183839,813.0,1695.0
0.5017821599483697,813.0,1675.0
0.5061454830783556,816.0,1701.0
0.5105088062083414,817.0,1706.0
0.5148721293383272,817.0,1690.0
0.519235452468313,816.0,1665.0
0.5235987755982988,820.0,1660.0
0.5279620987282847,820.0,1660.0
0.5323254218582705,822.0,1691.0
0.5366887449882564,826.0,1669.0
0.5410520681182421,827.0,1656.0
0.5454153912482279,833.0,1662.0
0.5497787143782138,835.0,1660.0
0.5541420375081997,838.0,1659.0
0.5585053606381855,836.0,1633.0
0.5628686837681712,836.0,1624.0
0.5672320068981571,841.0,1628.0
0.571595330028143,845.0,1628.0
0.5759586531581288,847.0,1628.0
0.5803219762881145,852.0,1625.0
0.5846852994181003,856.0,1629.0
0.5890486225480862,856.0,1612.0
0.5934119456780721,859.0,1601.0
0.5977752688080579,862.0,1599.0
0.6021385919380436,861.0,1603.0
0.6065019150680295,861.0,1596.0
0.6108652381980153,872.0,1608.0
0.6152285613280011,877.0,1605.0
0.619591884457987,874.0,1592.0
0.6239552075879728,874.0,1586.0
0.6283185307179586,874.0,1585.0
0.6326818538479444,887.0,1556.0
0.6370451769779303,890.0,1565.0
0.6414085001079162,890.0,1565.0
0.6457718232379019,890.0,1576.0
0.6501351463678877,890.0,1576.0
0.6544984694978736,890.0,1576.0
0.6588617926278594,895.0,1535.0
0.6632251157578452,895.0,1516.0
0.667588438887831,899.0,1516.0
0.6719517620178169,902.0,1526.0
0.6763150851478027,906.0,1522.0
0.6806784082777885,907.0,1530.0
0.6850417314077742,907.0,1539.0
0.6894050545377601,910.0,1537.0
0.693768377667746,921.0,1499.0
0.6981317007977318,920.0,1491.0
0.7024950239277176,919.0,1491.0
0.7068583470577035,922.0,1486.0
0.7112216701876892,928.0,1491.0
0.715584993317675,935.0,1497.0
0.7199483164476609,935.0,1470.0
0.7243116395776468,945.0,1474.0
0.7286749627076327,949.0,1466.0
0.7330382858376184,950.0,1473.0
0.7374016089676042,953.0,1457.0
0.7417649320975901,952.0,1461.0
0.7461282552275759,952.0,1461.0
0.7504915783575616,959.0,1438.0
0.7548549014875475,969.0,1445.0
0.7592182246175333,970.0,1429.0
0.7635815477475191,969.0,1399.0
0.767944870877505,974.0,1412.0
0.7723081940074908,976.0,1407.0
0.7766715171374767,987.0,1399.0
0.7810348402674625,994.0,1415.0
0.7853981633974483,994.0,1415.0
0.789761486527434,994.0,1372.0
0.7941248096574199,995.0,1375.0
0.7984881327874057,1007.0,1393.0
0.8028514559173915,1009.0,1376.0
0.8072147790473774,1021.0,1375.0
0.8115781021773631,1023.0,1366.0
0.8159414253073491,1024.0,1351.0
0.8203047484373349,1033.0,1359.0
0.8246680715673207,1037.0,1346.0
0.8290313946973066,1045.0,1340.0
0.8333947178272924,1051.0,1337.0
0.8377580409572781,1050.0,1323.0
0.842121364087264,1053.0,1335.0
0.8464846872172498,1056.0,1321.0
0.8508480103472356,1065.0,1316.0
0.8552113334772214,1073.0,1322.0
0.8595746566072072,1076.0,1323.0
0.8639379797371932,1076.0,1282.0
0.868301302867179,1077.0,1276.0
0.8726646259971648,1089.0,1293.0
0.8770279491271507,1092.0,1290.0
0.8813912722571364,1093.0,1272.0
0.8857545953871222,1099.0,1239.0
0.890117918517108,1099.0,1244.0
0.8944812416470939,1106.0,1238.0
0.8988445647770796,1115.0,1240.0
0.9032078879070654,1119.0,1222.0
0.9075712110370514,1126.0,1219.0
0.9119345341670372,1128.0,1210.0
0.9162978572970231,1130.0,1209.0
0.9206611804270088,1137.0,1208.0
0.9250245035569946,1147.0,1201.0
0.9293878266869805,1156.0,1209.0
0.9337511498169663,1163.0,1211.0
0.938114472946952,1170.0,1196.0
0.9424777960769379,1178.0,1195.0
0.9468411192069237,1183.0,1173.0
0.9512044423369095,1196.0,1199.0
0.9555677654668955,1205.0,1208.0
0.9599310885968813,1212.0,1173.0
0.9642944117268671,1225.0,1201.0
0.9686577348568529,1219.0,1164.0
0.9730210579868387,1232.0,1201.0
0.9773843811168246,1240.0,1180.0
0.9817477042468103,1245.0,1174.0
0.9861110273767961,1250.0,1158.0
0.9904743505067819,1261.0,1171.0
0.9948376736367678,1272.0,1165.0
0.9992009967667536,1284.0,1183.0
1.0035643198967394,1286.0,1158.0
1.0079276430267254,1295.0,1157.0
1.0122909661567112,1317.0,1163.0
1.016654289286697,1323.0,1160.0
1.0210176124166828,1330.0,1155.0
1.0253809355466685,1333.0,1154.0
1.0297442586766543,1342.0,1159.0
1.0341075818066403,1353.0,1154.0
1.038470904936626,1363.0,1156.0
1.0428342280666119,1372.0,1153.0
1.0471975511965976,1380.0,1165.0
1.0515608743265836,1394.0,1167.0
1.0559241974565694,1400.0,1160.0
1.0602875205865552,1412.0,1159.0
1.064650843716541,1420.0,1185.0
1.0690141668465267,1424.0,1201.0
1.0733774899765127,1421.0,1195.0
1.0777408131064985,1418.0,1229.0
1.0821041362364843,1421.0,1268.0
1.08646745936647,1417.0,1240.0
1.0908307824964558,1413.0,1240.0
1.0951941056264418,1403.0,1242.0
1.0995574287564276,1402.0,1226.0
1.1039207518864134,1403.0,1238.0
1.1082840750163994,1396.0,1231.0
1.1126473981463851,1389.0,1219.0
1.117010721276371,1387.0,1213.0
1.1213740444063567,1383.0,1203.0
1.1257373675363425,1380.0,1199.0
1.1301006906663282,1351.0,1207.0
1.1344640137963142,1195.0,1190.0
1.1388273369263,1001.0,1129.0
1.143190660056286,957.0,1154.0
1.1475539831862718,961.0,1320.0
1.1519173063162575,963.0,1339.0
1.1562806294462433,972.0,1387.0
1.160643952576229,975.0,1380.0
1.1650072757062149,975.0,1348.0
1.1693705988362006,988.0,1348.0
1.1737339219661866,988.0,1340.0
1.1780972450961724,994.0,1324.0
1.1824605682261582,1003.0,1336.0
1.1868238913561442,1008.0,1330.0
1.19118721448613,1025.0,1340.0
1.1955505376161157,1025.0,1340.0
1.1999138607461015,1031.0,1335.0
1.2042771838760873,1042.0,1314.0
1.2086405070060733,1054.0,1301.0
1.213003830136059,1068.0,1296.0
1.2173671532660448,1072.0,1292.0
1.2217304763960306,1073.0,1300.0
1.2260937995260164,1076.0,1298.0
1.2304571226560022,1090.0,1305.0
1.2348204457859882,1110.0,1331.0
1.239183768915974,1112.0,1325.0
1.24354709204596,1117.0,1327.0
1.2479104151759457,1124.0,1307.0
1.2522737383059315,1143.0,1241.0
1.2566370614359172,1155.0,1020.0
1.261000384565903,1182.0,784.0
1.2653637076958888,1228.0,792.0
1.2697270308258746,1226.0,791.0
1.2740903539558606,1224.0,794.0
1.2784536770858463,1230.0,825.0
1.2828170002158323,1223.0,861.0
1.2871803233458181,1223.0,861.0
1.2915436464758039,1226.0,857.0
1.2959069696057897,1228.0,847.0
1.3002702927357754,1247.0,777.0
1.3046336158657612,1281.0,807.0
1.3089969389957472,1347.0,909.0
1.313360262125733,1346.0,879.0
1.3177235852557188,1399.0,1025.0
1.3220869083857045,1424.0,1078.0
1.3264502315156903,1459.0,1083.0
1.3308135546456763,1344.0,739.0
1.335176877775662,1404.0,850.0
1.3395402009056478,1412.0,860.0
1.3439035240356338,1418.0,835.0
1.3482668471656196,1442.0,785.0
1.3526301702956054,1452.0,714.0
1.3569934934255912,1482.0,689.0
1.361356816555577,1534.0,654.0
1.3657201396855627,1784.0,1079.0
1.3700834628155485,2398.0,1126.0
1.3744467859455345,2403.0,1132.0
1.3788101090755203,2405.0,1142.0
1.3831734322055063,2405.0,1145.0
1.387536755335492,2401.0,1142.0
1.3919000784654778,2402.0,1148.0
1.3962634015954636,2400.0,1146.0
1.4006267247254494,2398.0,1145.0
1.4049900478554351,2388.0,1129.0
1.4093533709854211,1713.0,1359.0
1.413716694115407,1101.0,1305.0
1.4180800172453927,1026.0,1060.0
1.4224433403753785,1007.0,1133.0
1.4268066635053644,993.0,1139.0
1.43116998663535,975.0,1151.0
1.435533309765336,976.0,1194.0
1.4398966328953218,971.0,1203.0
1.4442599560253078,980.0,1321.0
1.4486232791552935,980.0,1358.0
1.4529866022852793,981.0,1411.0
1.4573499254152653,982.0,1456.0
1.4617132485452509,968.0,2028.0
1.4660765716752369,975.0,2308.0
1.4704398948052224,973.0,1712.0
1.4748032179352084,969.0,1429.0
1.4791665410651942,972.0,1367.0
1.4835298641951802,971.0,1327.0
1.4878931873251657,975.0,1276.0
1.4922565104551517,966.0,1170.0
1.4966198335851377,977.0,1182.0
1.5009831567151233,994.0,1139.0
1.5053464798451093,1002.0,1071.0
1.509709802975095,1008.0,987.0
1.5140731261050808,1041.0,904.0
1.5184364492350666,1203.0,1125.0
1.5227997723650526,1467.0,1344.0
1.5271630954950381,1480.0,1362.0
1.5315264186250241,1489.0,1366.0
1.53588974175501,1488.0,1361.0
1.5402530648849957,1483.0,1354.0
1.5446163880149817,1457.0,1355.0
1.5489797111449675,1457.0,1366.0
1.5533430342749535,1433.0,1358.0
1.557706357404939,1397.0,1401.0
1.562069680534925,831.0,1587.0
1.5664330036649106,746.0,1658.0
1.5707963267948966,661.0,1694.0
1.5751596499248823,605.0,1684.0
1.579522973054868,591.0,1864.0
1.583886296184854,560.0,1931.0
1.5882496193148399,549.0,1931.0
1.5926129424448259,531.0,1931.0
1.5969762655748114,516.0,1920.0
1.6013395887047974,500.0,1868.0
1.605702911834783,487.0,1872.0
1.610066234964769,460.0,1852.0
1.6144295580947547,348.0,1833.0
1.6187928812247407,258.0,1485.0
1.6231562043547263,233.0,1615.0
1.6275195274847123,224.0,2059.0
1.6318828506146983,230.0,2227.0
1.6362461737446838,229.0,2200.0
1.6406094968746698,229.0,2200.0
1.6449728200046556,230.0,1774.0
1.6493361431346414,232.0,1652.0
1.6536994662646272,279.0,1644.0
1.6580627893946132,371.0,1656.0
1.6624261125245987,443.0,1694.0
1.6667894356545847,412.0,1155.0
1.6711527587845703,465.0,1705.0
1.6755160819145563,236.0,609.0
1.6798794050445423,467.0,1144.0
1.684242728174528,236.0,519.0
1.688606051304514,236.0,491.0
1.6929693744344996,207.0,413.0
1.6973326975644856,245.0,440.0
1.7016960206944711,2176.0,1214.0
1.7060593438244571,2193.0,1220.0
1.710422666954443,2193.0,1220.0
1.7147859900844287,1637.0,1453.0
1.7191493132144144,1244.0,1649.0
1.7235126363444004,1255.0,1591.0
1.7278759594743864,1283.0,1568.0
1.732239282604372,1598.0,1374.0
1.736602605734358,1839.0,1297.0
1.7409659288643435,2342.0,1076.0
1.7453292519943295,2346.0,1088.0
1.7496925751243153,2353.0,1117.0
1.7540558982543013,1606.0,1451.0
1.7584192213842869,1600.0,1452.0
1.7627825445142729,2360.0,1142.0
1.7671458676442584,2349.0,1113.0
1.7715091907742444,2314.0,1084.0
1.7758725139042304,2293.0,1104.0
1.780235837034216,2251.0,1124.0
1.784599160164202,2209.0,1133.0
1.7889624832941877,2164.0,1126.0
1.7933258064241737,2077.0,996.0
1.7976891295541593,2026.0,977.0
1.8020524526841453,1988.0,984.0
1.8064157758141308,1938.0,974.0
1.8107790989441168,1893.0,963.0
1.8151424220741028,1846.0,978.0
1.8195057452040886,1815.0,1064.0
1.8238690683340744,1820.0,1081.0
1.8282323914640601,1824.0,1093.0
1.8325957145940461,1825.0,1097.0
1.8369590377240317,1825.0,1096.0
1.8413223608540177,1830.0,1089.0
1.8456856839840035,1835.0,1087.0
1.8500490071139892,1836.0,1089.0
1.854412330243975,1838.0,1101.0
1.858775653373961,1836.0,1085.0
1.863138976503947,1840.0,1095.0
1.8675022996339325,1844.0,1105.0
1.8718656227639185,1845.0,1085.0
1.876228945893904,1852.0,1083.0
1.88059226902389,1853.0,1080.0
1.8849555921538759,1854.0,1071.0
1.8893189152838619,1856.0,1070.0
1.8936822384138474,1863.0,1075.0
1.8980455615438334,1862.0,1069.0
1.902408884673819,1862.0,1069.0
1.906772207803805,1856.0,1048.0
1.911135530933791,1867.0,1054.0
1.9154988540637765,1871.0,1064.0
1.9198621771937625,1869.0,1055.0
1.9242255003237483,1869.0,1069.0
1.9285888234537343,1871.0,1071.0
1.9329521465837198,1881.0,1081.0
1.9373154697137058,1883.0,1070.0
1.9416787928436914,1883.0,1060.0
1.9460421159736774,1892.0,1074.0
1.9504054391036632,1901.0,1072.0
1.9547687622336491,1901.0,1072.0
1.959132085363635,1901.0,1072.0
1.9634954084936207,1902.0,1076.0
1.9678587316236067,1903.0,1055.0
1.9722220547535922,1905.0,1055.0
1.9765853778835782,1920.0,1062.0
1.9809487010135638,1920.0,1062.0
1.9853120241435498,1918.0,1049.0
1.9896753472735356,1925.0,1052.0
1.9940386704035216,1927.0,1051.0
1.9984019935335071,1930.0,1047.0
2.002765316663493,1941.0,956.0
2.007128639793479,1949.0,810.0
2.011491962923465,1949.0,810.0
2.015855286053451,783.0,1251.0
2.0202186091834364,617.0,1369.0
2.0245819323134224,570.0,1288.0
2.028945255443408,537.0,1211.0
2.033308578573394,516.0,1117.0
2.0376719017033795,519.0,1133.0
2.0420352248333655,519.0,1133.0
2.046398547963351,519.0,1134.0
2.050761871093337,521.0,1060.0
2.055125194223323,520.0,1037.0
2.0594885173533086,468.0,986.0
2.0638518404832946,441.0,981.0
2.0682151636132806,428.0,971.0
2.072578486743266,415.0,966.0
2.076941809873252,403.0,978.0
2.081305133003238,400.0,1012.0
2.0856684561332237,390.0,1032.0
2.0900317792632097,389.0,1057.0
2.0943951023931953,380.0,1104.0
2.0987584255231813,377.0,1118.0
2.1031217486531673,377.0,1132.0
2.107485071783153,377.0,1132.0
2.111848394913139,378.0,1134.0
2.1162117180431244,373.0,1145.0
2.1205750411731104,368.0,1142.0
2.124938364303096,363.0,1149.0
2.129301687433082,366.0,1149.0
2.133665010563068,370.0,1153.0
2.1380283336930535,369.0,1180.0
2.1423916568230394,369.0,1180.0
2.1467549799530254,368.0,1179.0
2.1511183030830114,369.0,1176.0
2.155481626212997,369.0,1176.0
2.159844949342983,371.0,1164.0
2.1642082724729685,372.0,1159.0
2.1685715956029545,371.0,1172.0
2.17293491873294,366.0,1199.0
2.177298241862926,364.0,1180.0
2.1816615649929116,376.0,1189.0
2.1860248881228976,370.0,1156.0
2.1903882112528836,370.0,1172.0
2.194751534382869,360.0,1164.0
2.199114857512855,362.0,1173.0
2.2034781806428407,363.0,1174.0
2.2078415037728267,369.0,1184.0
2.2122048269028127,369.0,1184.0
2.2165681500327987,362.0,1174.0
2.2209314731627843,363.0,1155.0
2.2252947962927703,365.0,1137.0
2.229658119422756,361.0,1149.0
2.234021442552742,361.0,1149.0
2.238384765682728,360.0,1140.0
2.2427480888127134,361.0,1135.0
2.2471114119426994,361.0,1135.0
2.251474735072685,363.0,1127.0
2.255838058202671,367.0,1133.0
2.2602013813326565,370.0,1130.0
2.2645647044626425,366.0,1137.0
2.2689280275926285,361.0,1135.0
2.273291350722614,362.0,1128.0
2.2776546738526,368.0,1142.0
2.282017996982586,364.0,1136.0
2.286381320112572,361.0,1130.0
2.2907446432425576,364.0,1134.0
2.2951079663725436,370.0,1113.0
2.299471289502529,371.0,1115.0
2.303834612632515,368.0,1098.0
2.3081979357625007,367.0,1095.0
2.3125612588924866,367.0,1085.0
2.316924582022472,368.0,1073.0
2.321287905152458,378.0,1085.0
2.3256512282824437,366.0,1054.0
2.3300145514124297,366.0,1043.0
2.3343778745424157,372.0,1058.0
2.3387411976724013,376.0,1058.0
2.3431045208023873,376.0,1058.0
2.3474678439323733,376.0,1058.0
2.3518311670623593,377.0,1056.0
2.356194490192345,382.0,1064.0